,speaker
Michael,10773
Dwight,6753
Jim,6222
Pam,4973
Andy,3698
Kevin,1535
Angela,1534
Erin,1413
Oscar,1336
Ryan,1199
Darryl,1160
Phyllis,962
Kelly,822
Toby,814
Jan,805
Stanley,671
Meredith,556
Holly,555
Nellie,527
David Wallace,488
Gabe,426
Robert,421
Creed,394
Karen,323
Clark,258
Deangelo,246
Charles,221
Roy,218
Pete,212
Jo,189
Todd Packer,158
Carol,94
Helene,81
Donna,81
Katy,78
Michael: ,74
Val,73
Danny,68
Josh,56
Brian,53
Nate,53
Jessica,51
All,50
Cathy,48
Susan,48
Bob Vance,45
Hank,44
Everyone,42
Man,40
Daryl,37
Group,37
Mr. Brown,36
Andy: ,35
Eric,34
Dwight: ,34
Jim: ,33
Nick,31
Trevor,31
Pam: ,31
Captain Jack,30
Grotti,30
Tom,29
Host,28
Senator Lipton,28
Guy,28
Lester,26
Nurse,26
Mark,25
Harry,25
Ben Franklin,24
Tony,23
AJ,23
Woman,23
Bar Manager: ,22
Casey,22
Jada,22
Irene,22
Walter,21
Jake,21
Vikram,21
Esther,21
Elizabeth,20
Pizza guy,20
Mose,20
Oscar: ,20
Alan,20
Bert,19
Alice,19
Christian,19
Prince Grandfather,19
Lonny,19
Isabel: ,18
Fannie,18
Brandon,18
Luke,18
Receptionist,17
Billy Merchant,17
Angela: ,17
Blood Girl,17
Ex-client,17
Shirley,16
Martin,16
Senator,16
Erin: ,16
Rachel,16
Hannah,16
Waiter,15
Zeke,15
Kenny,15
Improv Teacher,15
Jerry,14
Sweeney Todd,14
Goldenface,14
Girl,14
Barbara,14
Hotel Employee,13
Director,13
Photographer,13
Julia,13
Mema,13
Lawyer,13
Both,13
Jordan,13
Melissa,13
Julie: ,12
Hide,12
Everybody,12
Boat Guy,12
Rolf,12
Diane Kelly,12
Abby,12
Second Cindy,12
Bartender,12
Customer,11
Suit Store Father,11
Ed,11
Mr. Ramish,11
Cece,11
Robert Dunder,11
Michael and Dwight,11
Julius,11
Lefevre,11
Craig,11
Sherri,11
Waitress,11
Salesman,11
Broccoli Rob,11
Sensei,11
Financial Guy,11
Lauren,11
Shane,11
Penny,11
Isabel,11
Jeb,11
Police Officer 1,10
Diane,10
Sasha,10
Magician,10
Maurie,10
Business partner,10
HCT Member #3,10
Darryl: ,10
Athlead Employee,10
Samuel,10
Isaac,10
Carla,10
Megan,10
Graphics guy,10
Merv,10
Wolf,10
Suit Store Son,10
Computron,10
Nana,10
Ad guy 1,10
Alex,10
Front Desk Clerk,10
Lady,9
Rolph,9
Phil,9
Fred,9
Lynn,9
Billy,9
Stephanie,9
Isabelle,9
Mikela,9
Cameron,9
Ravi,9
Ira,9
Micheal,9
Justin,9
Hospital employee,8
Doctor,8
Kendall,8
Tattoo Artist,8
Speaker,8
Shelby,8
Rose,8
Frank,8
Secretary,8
Devon,8
Margaret,8
Hunter,8
Blood Drive Worker,8
Dana,8
Kid,7
Edward R. Meow,7
Kevin: ,7
Madge,7
Phone Salesman,7
A.J.,7
Bill,7
Video Michael,7
Harvey,7
Linda,7
Uncle Al,7
Mr. Schofield,7
Pastor,7
Check-in guy,7
Paris,6
Client,6
Walter Jr,6
Crowd,6
Teddy,6
Doug,6
Phyllis: ,6
Fake Jim,6
Sam,6
Vet,6
Producer,6
Evan,6
Larry Myers,6
Gil,6
Song,6
Worker,6
Blonde,6
Rep,6
Lily,6
Kids,6
Phone,6
Keena Gifford,6
DunMiff/sys,6
Chad Lite,6
Glenn,6
Attendant,6
Police Officer 2,6
Professor,5
Stripper,5
Matt: ,5
Ryan: ,5
Friend,5
Holly's Dad,5
Girl in Club,5
Mr. Ruger,5
Michel,5
Mrs. Davis,5
Laurie,5
Marie,5
Intern,5
Passer-by,5
Party Photographer,5
Reporter,5
Melvina,5
Joan,5
Kathy,5
Kelly's Mom,5
Wendy's phone operator,5
Delivery man,5
Tall Girl #1,5
Dwight and Michael,5
O'Keefe,5
Carla Fern,5
Ad guy 2,5
Hot Dog Guy,5
Mr. Halpert,5
Andy and Dwight,5
Reid,5
"Andy, Creed, Kevin, Kelly",5
Troy,5
Dealer,5
Steve,5
Girl in 2nd club,5
Justine,5
Helen,5
Mother,4
Walt Jr.,4
Prince Granddaughter,4
Old Woman,4
Rolando,4
Vance Refrigeration Guy,4
Hotel Manager,4
Beth,4
Jakey,4
Old Lady,4
Kelly: ,4
W.B. Jones,4
Ben,4
Teacher,4
Blogger,4
Students,4
"""Jo""",4
Son,4
Micahel,4
Sadiq (IT guy),4
Holly's Mom,4
Colin,4
School Official,4
Matt,4
Hayworth's waiter,4
Andy and Jim,4
Professor Powell,4
Limo Driver,4
Priest,4
GPS,4
Jerome Bettis,4
Aaron Rodgers,4
Realtor,4
Wally Amos,4
Santigold,4
Business Student #1,4
President,4
Mark McGrath,4
VRG 1,4
Ernesto,4
Jim and Pam,4
Buyer,4
Manager,4
Old Man,4
Phil Maguire,4
Mr. Figaro,4
VRG 2,3
Businessman #3,3
Concierge,3
Businessman #2,3
Co-worker,3
Oscar's friend,3
German Minister,3
Male church member,3
Deposition Reporter,3
Curtis,3
Lab Tech,3
CPR Trainer,3
Phillip,3
Audience,3
Usher,3
Actor,3
Stonewall Host,3
Calvin,3
Dakota,3
DwightKSchrute,3
Ellen,3
Bus driver,3
Co-Worker 3,3
Guy at table,3
Vance Refrigeration guy,3
Marcy,3
Molly,3
"Pam as ""fourth-biggest client""",3
Andy & Erin,3
Park Ranger,3
Business Student #2,3
Andy and Darryl,3
IT Tech Guy,3
Angela & Oscar,3
Server,3
Leo,3
Man on Phone,3
Younger Guy,3
Cookie Monster,3
Delivery Woman,3
Man from Buffalo,3
Dennis,3
Window treatment guy,3
DJ,3
Little Girl,3
Astrid,3
Michael ,3
Aunt Shirley,3
Pretzel guy,3
Jamie,3
Amy,3
Woman in line,3
Mr. Romanko,3
Malcolm,3
Henry,3
Andy & Walter,3
Senator Liptop,3
Woman over speakerphone,3
Co-Worker 2,3
Male Applicant 1,3
Andy & Michael,3
Kelly's Father,3
Officer 1,3
Cherokee Jack,3
Ronnie,3
Warehouse Crew,3
Mrs. Wallace,3
Seth Mayers,3
Gabor,3
Brenda,3
Various,3
Mary-Beth,3
Warehouse guy 1,3
Warren,2
Wrangler,2
Meridith,2
Albiny,2
Pam and Jim,2
Jessica Alba,2
Overhead,2
Receptionitis15,2
David Wallace's Secretary,2
Female Intern,2
Bookstore employee,2
Minister,2
Voicemail,2
Soldier,2
JIM9334,2
Michael and Christian,2
Jim & Dwight,2
Kelly and Erin,2
Voice on CD player,2
Camera Man,2
Member,2
Miss Trudy,2
Warehouse Guy,2
Woman from Buffalo,2
Young Michael,2
Security,2
Female Athlead Employee,2
Rory,2
Deangelo/Michael,2
David Brent,2
Randy,2
Office,2
Dwight ,2
Off-camera,2
Phylis,2
Policeman,2
Business Student #3,2
Woman 4,2
Prince Grandmother,2
Stanely,2
Lonnie,2
Warehouse guy,2
HCT,2
Child,2
Ruger Sister 1,2
Other waitress,2
Jim ,2
Mr. Beesly,2
Hostess,2
Gideon,2
Darrly,2
Concierge Marie,2
Gym instructor,2
Girl at table: ,2
Delivery Boy,2
Female church member,2
Hide: ,2
Ballerinas,2
Paramedic,2
Others,2
Guy in audience,2
Michae,2
Nail stylist 2,2
Guy At Bar,2
Women,2
Ty,2
Warehouse worker,2
"Pam as ""ninth-biggest client""",2
Nail manager,2
Chef,2
Moderator,2
Cindy,2
Officer 2,2
Voice #1 on phone,2
Liquor Store Clerk,2
"Jim, Pam, Michael and Dwight",2
Michael & Dwight,2
HCT Member #2,2
Robotic Voice,2
Clay Aiken,2
Chet,2
Paul,2
Cell Phone Sales Person,2
Bass Player,2
Billy's Girlfriend,2
Female Applicant,2
Dwight and Erin,2
Donna Muraski,2
Holy,2
Businessman #1,2
Man 2,2
Dwight and Andy,2
Michael and Jim,2
Archivist,2
Gwenneth,2
Woman 2,2
Narrator,2
Man on phone,2
Older Woman,2
Man in Video,1
Female worker,1
Erin and Kelly,1
Tech Guy,1
Voice #2 on phone,1
Wade,1
Dwight.,1
Dwight & Nate,1
Ryan and Michael,1
Andy/Oscar,1
Ryan and Kelly,1
Fourth Shareholder,1
Angels,1
Tom Halpert,1
Old lady,1
Employees except Dwight,1
Parent in audience #1,1
Zion,1
Walter & Walter Jr,1
Boom Box,1
Radio,1
Supervisor,1
Warehouse guy 2,1
Stanley: ,1
Woman 1,1
Jo Bennett,1
Alonzo,1
Angela/Pam,1
Pam ,1
Darryl and Katy,1
Jim's voicemail,1
Anglea,1
Kevin & Meredith,1
Tall Girl #2,1
Fast Food Worker,1
TV,1
Darryl's sister,1
Second Shareholder,1
HCT Member #1,1
Angel,1
Salesmen,1
MeeMaw,1
Vance Refrigeration Guy 1,1
Bill Cress,1
Warehouse Michael,1
Offscreen,1
Teammates,1
Dacvid Walalce,1
Registrar,1
Voice of Thomas Dean,1
New Instant Message,1
Darryl and Angela,1
Athlead Coworker,1
Oscar and Stanley,1
Michael/Dwight,1
Female intern,1
Roger,1
Chili's Employee,1
Co-worker #2,1
Drummer,1
Nellie and Pam,1
Together,1
Man 3,1
Angela and Kelly,1
M ichael,1
Creed: ,1
Andy/Pam,1
Man in line,1
Amanda,1
"""Angela""",1
Pam and Kelly,1
"Andy, Creed, Kevin, Kelly, Darryl",1
Michael and Erin,1
Everyone watching,1
Kevin & Oscar,1
Ted,1
Third Shareholder,1
D,1
Dan Gore,1
College Student,1
Co-Worker 1,1
Rehab Nurse,1
Paul Faust,1
White,1
Gym Instructor,1
Prince Son,1
Meredith: ,1
Darry,1
Oscar's Computer,1
Michael's Ad,1
Ryan and others,1
Officer,1
Promo Voice,1
Video Andy,1
Cousin Mose,1
Andy and Michael,1
Mihael,1
"Dwight, Erin, Jim & Kevin",1
Emergency Operator,1
Unknown,1
Vance Refrigeration Guy 2,1
Philip,1
Artist,1
Hooter's Girls,1
All the Men,1
Travel Agent,1
 Jim,1
Mee-Maw,1
"Phyllis, Stanley, Dwight",1
Night cleaning crew,1
Employee,1
Michael and Darryl,1
Automated phone voice,1
Male voice,1
Cleaning lady,1
Other Guy at Bar,1
Student 2,1
Jim and Dwight,1
Dance Teacher,1
Nail stylist 1,1
Gabe/Kelly/Toby,1
Saleswoman,1
Office Staff,1
Carrol,1
Group chant,1
Reporter #1,1
Redheaded Actress,1
Parent in Audience,1
4th Athlead Employee,1
"""Jim""",1
Michael and Samuel together,1
(Pam's mom) Heleen,1
Children,1
Michal,1
Investor,1
Nellie Bertram,1
Queerenstein Bears,1
CPR trainer,1
Prince,1
Credit card rep,1
Pam's dad,1
Teddy Wallace,1
Church congregation,1
Woman 3,1
Everyone: ,1
Another guy,1
Blogger 2,1
Sensei Ira,1
All but Oscar,1
Announcer,1
Denagelo,1
Fred Henry,1
Dwight and Angela,1
Entire office,1
Council,1
Finger Lakes Guy,1
"Jim, Josh, and Dwight",1
Party Waiter,1
Dacvid Wallace,1
Carol Stills,1
The Kids,1
Darryl and Andy,1
Warehouse Guy: ,1
Chelsea's Mom,1
Merv Bronte,1
Deliveryman,1
Fake Stanley,1
Woman at bar,1
Maguire,1
Angela and Dwight,1
Reporter #2,1
Drive Thru Customer,1
JIm,1
MIchael,1
Entire Prince family,1
I.D. Photographer,1
Bill Hader,1
"Phyllis, Meredith, Michael, Kevin",1
Darryl and Kevin,1
Older guy,1
All Girls,1
Woman on mic,1
Ryan's Voicemail,1
"Dwight, Jim and Michael",1
Shareholder,1
Chelsea,1
Store Employee,1
David Wallcve,1
Camera Crew,1
Student 1,1
Male Applicant 2,1
Dwight & Andy,1
Pete Halpert,1
Michael and Holly,1
"""Phyllis""",1
Patty,1
Miichael,1
Bruce,1
Tom and Pete,1
Video,1
abe,1
DeAgnelo,1
Hank ,1
Andy and Erin,1
Stewardess,1
Phyliss,1
Production Assistant,1
Stu,1
Actress,1
Parent in audience #2,1
Chares,1
Erin's Cell Phone,1
Dale,1
 Pastor,1
Micael,1
Party Guest,1
People in line,1
Rafe,1
Party guests,1
Andy/Stanley,1
Pam/Jim,1
Coffee shop worker,1
"Phyllis, Kevin & Stanley",1
sAndy,1
Guy buying doll,1
Dan,1
Guy at bar,1
Young Man,1
Julius Irving,1
"Michael, Holly, and Darryl",1
Mr. O'Malley,1
Girls,1
Female Shareholder,1
Jim's Dad,1
Lady Blogger,1
Cameraman,1
Jim & Pam,1
Phyllis and Creed,1
Glen,1
Michael and Andy,1
Hunter's CD,1
Oscar's voice from the computer,1
"Michael, Pam & Ryan",1
Pam and others,1
Man 1,1
"Bob Vance, Vance Refrigeration",1
Elderly Woman,1
song,1
Staples Guy,1
Delivery,1
3rd Athlead Employee,1
Christian Slater,1
Robert & Creed,1
Warren Buffett,1
Employees,1
 Jo,1
Girl acting Pregnant,1
Dight,1
Casey Dean,1
Party Announcer,1
Ruger Sister 2,1
Bouncer: ,1
Michael & Holly,1
